Data;Hora;Valor;Tipo de Venda;arquivo_de_referencia
30/08/2025;20:23;27.0;Pix;agosto_pix_001_data_quadrante_02
30/08/2025;20:04;27.41;Pix;agosto_pix_001_data_quadrante_03
30/08/2025;19:28;22.0;Pix;agosto_pix_001_data_quadrante_04
30/08/2025;19:18;17.0;Pix;agosto_pix_001_data_quadrante_05
30/08/2025;19:04;21.5;Pix;agosto_pix_001_data_quadrante_06
30/08/2025;18:15;14.0;Pix;agosto_pix_001_data_quadrante_07
30/08/2025;18:13;10.0;Pix;agosto_pix_001_data_quadrante_08
30/08/2025;17:59;8.0;Pix;agosto_pix_001_data_quadrante_09
30/08/2025;17:30;21.0;Pix;agosto_pix_001_data_quadrante_10
01/08/2025;21:37;23.5;Pix;agosto_pix_002_data_quadrante_02
01/08/2025;21:24;30.5;Pix;agosto_pix_002_data_quadrante_03
01/08/2025;21:05;37.0;Pix;agosto_pix_002_data_quadrante_04
01/08/2025;20:37;3.0;Pix;agosto_pix_002_data_quadrante_05
01/08/2025;20:34;20.0;Pix;agosto_pix_002_data_quadrante_06
01/08/2025;20:31;38.36;Pix;agosto_pix_002_data_quadrante_07
01/08/2025;19:45;10.0;Pix;agosto_pix_002_data_quadrante_08
01/08/2025;19:42;19.5;Pix;agosto_pix_002_data_quadrante_09
01/08/2025;19:20;10.49;Pix;agosto_pix_002_data_quadrante_10
01/08/2025;19:17;7.0;Pix;agosto_pix_002_data_quadrante_11
01/08/2025;19:15;40.0;Pix;agosto_pix_002_data_quadrante_12
01/08/2025;18:56;30.5;Pix;agosto_pix_002_data_quadrante_13
01/08/2025;18:50;17.0;Pix;agosto_pix_002_data_quadrante_14
01/08/2025;18:39;11.5;Pix;agosto_pix_002_data_quadrante_15
01/08/2025;18:21;45.5;Pix;agosto_pix_002_data_quadrante_16
01/08/2025;18:09;9.84;Pix;agosto_pix_002_data_quadrante_17
01/08/2025;18:07;48.0;Pix;agosto_pix_002_data_quadrante_18
01/08/2025;18:07;4.0;Pix;agosto_pix_002_data_quadrante_19
01/08/2025;18:05;5.0;Pix;agosto_pix_002_data_quadrante_20
01/08/2025;18:04;7.0;Pix;agosto_pix_002_data_quadrante_21
01/08/2025;17:55;21.5;Pix;agosto_pix_002_data_quadrante_22
01/08/2025;17:33;8.55;Pix;agosto_pix_002_data_quadrante_23
01/08/2025;17:23;20.5;Pix;agosto_pix_002_data_quadrante_24
01/08/2025;17:21;13.0;Pix;agosto_pix_002_data_quadrante_25
01/08/2025;17:12;4.0;Pix;agosto_pix_002_data_quadrante_26
01/08/2025;16:50;16.74;Pix;agosto_pix_002_data_quadrante_27
01/08/2025;16:45;15.0;Pix;agosto_pix_002_data_quadrante_28
01/08/2025;16:30;9.0;Pix;agosto_pix_002_data_quadrante_29
01/08/2025;15:53;8.0;Pix;agosto_pix_002_data_quadrante_30
01/08/2025;15:49;16.0;Pix;agosto_pix_002_data_quadrante_31
01/08/2025;15:37;9.8;Pix;agosto_pix_002_data_quadrante_32
02/08/2025;20:21;7.0;Pix;agosto_pix_003_data_quadrante_02
02/08/2025;20:04;15.0;Pix;agosto_pix_003_data_quadrante_03
02/08/2025;19:27;7.45;Pix;agosto_pix_003_data_quadrante_04
02/08/2025;18:47;10.0;Pix;agosto_pix_003_data_quadrante_05
02/08/2025;18:28;4.5;Pix;agosto_pix_003_data_quadrante_06
02/08/2025;18:21;16.0;Pix;agosto_pix_003_data_quadrante_07
02/08/2025;18:18;26.4;Pix;agosto_pix_003_data_quadrante_08
02/08/2025;18:04;21.0;Pix;agosto_pix_003_data_quadrante_09
02/08/2025;16:58;9.75;Pix;agosto_pix_003_data_quadrante_10
04/08/2025;21:07;19.5;Pix;agosto_pix_004_data_quadrante_02
04/08/2025;21:04;21.0;Pix;agosto_pix_004_data_quadrante_03
04/08/2025;19:18;7.0;Pix;agosto_pix_004_data_quadrante_04
04/08/2025;19:16;15.0;Pix;agosto_pix_004_data_quadrante_05
04/08/2025;19:07;14.5;Pix;agosto_pix_004_data_quadrante_06
04/08/2025;19:06;9.57;Pix;agosto_pix_004_data_quadrante_07
04/08/2025;18:46;19.5;Pix;agosto_pix_004_data_quadrante_08
04/08/2025;18:32;24.93;Pix;agosto_pix_004_data_quadrante_09
04/08/2025;18:30;15.0;Pix;agosto_pix_004_data_quadrante_10
04/08/2025;18:29;7.0;Pix;agosto_pix_004_data_quadrante_11
04/08/2025;18:19;8.09;Pix;agosto_pix_004_data_quadrante_12
04/08/2025;17:50;13.0;Pix;agosto_pix_004_data_quadrante_13
04/08/2025;17:36;9.0;Pix;agosto_pix_004_data_quadrante_14
04/08/2025;17:35;16.65;Pix;agosto_pix_004_data_quadrante_15
04/08/2025;17:16;15.82;Pix;agosto_pix_004_data_quadrante_16
04/08/2025;17:12;8.0;Pix;agosto_pix_004_data_quadrante_17
04/08/2025;17:01;18.0;Pix;agosto_pix_004_data_quadrante_18
04/08/2025;16:37;32.0;Pix;agosto_pix_004_data_quadrante_19
04/08/2025;16:24;12.0;Pix;agosto_pix_004_data_quadrante_20
05/08/2025;20:56;7.0;Pix;agosto_pix_005_data_quadrante_02
05/08/2025;20:39;11.13;Pix;agosto_pix_005_data_quadrante_03
05/08/2025;20:37;17.5;Pix;agosto_pix_005_data_quadrante_04
05/08/2025;20:30;18.0;Pix;agosto_pix_005_data_quadrante_05
05/08/2025;20:14;10.0;Pix;agosto_pix_005_data_quadrante_06
05/08/2025;20:03;20.0;Pix;agosto_pix_005_data_quadrante_07
05/08/2025;19:50;21.0;Pix;agosto_pix_005_data_quadrante_08
05/08/2025;19:47;18.5;Pix;agosto_pix_005_data_quadrante_09
05/08/2025;19:46;6.35;Pix;agosto_pix_005_data_quadrante_10
05/08/2025;19:31;4.5;Pix;agosto_pix_005_data_quadrante_11
05/08/2025;19:26;11.0;Pix;agosto_pix_005_data_quadrante_12
05/08/2025;19:18;58.0;Pix;agosto_pix_005_data_quadrante_13
05/08/2025;18:54;20.0;Pix;agosto_pix_005_data_quadrante_14
05/08/2025;18:00;11.96;Pix;agosto_pix_005_data_quadrante_15
05/08/2025;17:59;10.67;Pix;agosto_pix_005_data_quadrante_16
05/08/2025;17:49;14.0;Pix;agosto_pix_005_data_quadrante_17
05/08/2025;17:30;3.0;Pix;agosto_pix_005_data_quadrante_18
05/08/2025;17:27;10.0;Pix;agosto_pix_005_data_quadrante_19
05/08/2025;17:14;15.0;Pix;agosto_pix_005_data_quadrante_20
05/08/2025;17:07;15.5;Pix;agosto_pix_005_data_quadrante_21
05/08/2025;16:44;4.14;Pix;agosto_pix_005_data_quadrante_22
05/08/2025;16:40;13.0;Pix;agosto_pix_005_data_quadrante_23
05/08/2025;16:37;18.0;Pix;agosto_pix_005_data_quadrante_24
05/08/2025;16:26;8.0;Pix;agosto_pix_005_data_quadrante_25
05/08/2025;16:17;10.0;Pix;agosto_pix_005_data_quadrante_26
06/08/2025;19:57;11.12;Pix;agosto_pix_006_data_quadrante_02
06/08/2025;19:27;3.2;Pix;agosto_pix_006_data_quadrante_03
06/08/2025;18:43;14.5;Pix;agosto_pix_006_data_quadrante_04
06/08/2025;18:27;7.2;Pix;agosto_pix_006_data_quadrante_05
06/08/2025;18:20;4.5;Pix;agosto_pix_006_data_quadrante_06
06/08/2025;18:20;11.6;Pix;agosto_pix_006_data_quadrante_07
06/08/2025;18:06;17.0;Pix;agosto_pix_006_data_quadrante_08
06/08/2025;17:53;2.0;Pix;agosto_pix_006_data_quadrante_09
06/08/2025;17:52;7.0;Pix;agosto_pix_006_data_quadrante_10
06/08/2025;17:33;21.0;Pix;agosto_pix_006_data_quadrante_11
06/08/2025;17:27;14.88;Pix;agosto_pix_006_data_quadrante_12
06/08/2025;17:21;37.5;Pix;agosto_pix_006_data_quadrante_13
06/08/2025;17:10;15.0;Pix;agosto_pix_006_data_quadrante_14
06/08/2025;17:07;8.0;Pix;agosto_pix_006_data_quadrante_15
06/08/2025;17:03;19.5;Pix;agosto_pix_006_data_quadrante_16
06/08/2025;16:55;7.0;Pix;agosto_pix_006_data_quadrante_17
06/08/2025;16:37;10.0;Pix;agosto_pix_006_data_quadrante_18
06/08/2025;16:36;12.5;Pix;agosto_pix_006_data_quadrante_19
06/08/2025;16:35;5.5;Pix;agosto_pix_006_data_quadrante_20
06/08/2025;16:32;10.5;Pix;agosto_pix_006_data_quadrante_21
06/08/2025;16:31;9.12;Pix;agosto_pix_006_data_quadrante_22
06/08/2025;16:21;17.52;Pix;agosto_pix_006_data_quadrante_23
06/08/2025;16:11;9.12;Pix;agosto_pix_006_data_quadrante_24
06/08/2025;16:10;7.0;Pix;agosto_pix_006_data_quadrante_25
06/08/2025;15:44;18.0;Pix;agosto_pix_006_data_quadrante_26
07/08/2025;21:04;19.5;Pix;agosto_pix_007_data_quadrante_02
07/08/2025;20:23;42.0;Pix;agosto_pix_007_data_quadrante_03
07/08/2025;20:11;3.0;Pix;agosto_pix_007_data_quadrante_04
07/08/2025;20:10;21.0;Pix;agosto_pix_007_data_quadrante_05
07/08/2025;20:10;10.0;Pix;agosto_pix_007_data_quadrante_06
07/08/2025;19:05;19.0;Pix;agosto_pix_007_data_quadrante_07
07/08/2025;15:22;16.83;Pix;agosto_pix_007_data_quadrante_08
08/08/2025;19:26;27.41;Pix;agosto_pix_008_data_quadrante_02
08/08/2025;19:14;50.0;Pix;agosto_pix_008_data_quadrante_03
08/08/2025;19:03;19.0;Pix;agosto_pix_008_data_quadrante_04
08/08/2025;18:54;10.0;Pix;agosto_pix_008_data_quadrante_05
08/08/2025;18:20;9.5;Pix;agosto_pix_008_data_quadrante_06
08/08/2025;18:14;8.0;Pix;agosto_pix_008_data_quadrante_07
08/08/2025;18:13;8.5;Pix;agosto_pix_008_data_quadrante_08
08/08/2025;17:30;7.0;Pix;agosto_pix_008_data_quadrante_09
08/08/2025;16:41;8.0;Pix;agosto_pix_008_data_quadrante_10
29/08/2025;20:47;19.0;Pix;agosto_pix_009_data_quadrante_02
29/08/2025;20:43;28.89;Pix;agosto_pix_009_data_quadrante_03
29/08/2025;20:38;24.5;Pix;agosto_pix_009_data_quadrante_04
29/08/2025;20:11;3.3;Pix;agosto_pix_009_data_quadrante_05
29/08/2025;20:06;52.24;Pix;agosto_pix_009_data_quadrante_06
29/08/2025;19:58;13.5;Pix;agosto_pix_009_data_quadrante_07
29/08/2025;19:41;4.5;Pix;agosto_pix_009_data_quadrante_08
29/08/2025;19:40;2.5;Pix;agosto_pix_009_data_quadrante_09
29/08/2025;19:39;15.88;Pix;agosto_pix_009_data_quadrante_10
29/08/2025;19:26;14.9;Pix;agosto_pix_009_data_quadrante_11
29/08/2025;18:47;4.0;Pix;agosto_pix_009_data_quadrante_12
29/08/2025;18:38;9.0;Pix;agosto_pix_009_data_quadrante_13
29/08/2025;18:23;16.5;Pix;agosto_pix_009_data_quadrante_14
29/08/2025;18:07;17.11;Pix;agosto_pix_009_data_quadrante_15
29/08/2025;17:54;22.5;Pix;agosto_pix_009_data_quadrante_16
29/08/2025;17:53;27.87;Pix;agosto_pix_009_data_quadrante_17
29/08/2025;17:52;23.0;Pix;agosto_pix_009_data_quadrante_18
29/08/2025;17:49;8.0;Pix;agosto_pix_009_data_quadrante_19
29/08/2025;17:34;5.0;Pix;agosto_pix_009_data_quadrante_20
29/08/2025;17:18;18.0;Pix;agosto_pix_009_data_quadrante_21
29/08/2025;16:05;7.0;Pix;agosto_pix_009_data_quadrante_22
29/08/2025;15:08;9.0;Pix;agosto_pix_009_data_quadrante_23
12/08/2025;21:01;3.0;Pix;agosto_pix_010_data_quadrante_02
12/08/2025;21:00;7.0;Pix;agosto_pix_010_data_quadrante_03
12/08/2025;20:55;7.0;Pix;agosto_pix_010_data_quadrante_04
12/08/2025;20:55;14.0;Pix;agosto_pix_010_data_quadrante_05
12/08/2025;20:37;26.5;Pix;agosto_pix_010_data_quadrante_06
12/08/2025;20:03;12.51;Pix;agosto_pix_010_data_quadrante_07
12/08/2025;19:54;15.5;Pix;agosto_pix_010_data_quadrante_08
12/08/2025;19:44;32.0;Pix;agosto_pix_010_data_quadrante_09
12/08/2025;19:35;7.17;Pix;agosto_pix_010_data_quadrante_10
12/08/2025;19:34;13.0;Pix;agosto_pix_010_data_quadrante_11
12/08/2025;18:48;14.72;Pix;agosto_pix_010_data_quadrante_12
12/08/2025;18:07;4.0;Pix;agosto_pix_010_data_quadrante_13
12/08/2025;18:06;13.5;Pix;agosto_pix_010_data_quadrante_14
12/08/2025;17:59;8.0;Pix;agosto_pix_010_data_quadrante_15
12/08/2025;17:52;35.0;Pix;agosto_pix_010_data_quadrante_16
12/08/2025;17:33;15.0;Pix;agosto_pix_010_data_quadrante_17
12/08/2025;17:32;15.0;Pix;agosto_pix_010_data_quadrante_18
12/08/2025;17:21;16.0;Pix;agosto_pix_010_data_quadrante_19
12/08/2025;17:16;8.0;Pix;agosto_pix_010_data_quadrante_20
12/08/2025;16:43;10.67;Pix;agosto_pix_010_data_quadrante_21
12/08/2025;16:18;16.28;Pix;agosto_pix_010_data_quadrante_22
12/08/2025;15:58;40.0;Pix;agosto_pix_010_data_quadrante_23
13/08/2025;21:10;29.5;Pix;agosto_pix_011_data_quadrante_02
13/08/2025;20:36;6.39;Pix;agosto_pix_011_data_quadrante_03
13/08/2025;19:34;22.72;Pix;agosto_pix_011_data_quadrante_04
13/08/2025;19:25;12.0;Pix;agosto_pix_011_data_quadrante_05
13/08/2025;19:15;51.0;Pix;agosto_pix_011_data_quadrante_06
13/08/2025;19:04;4.5;Pix;agosto_pix_011_data_quadrante_07
13/08/2025;19:00;13.52;Pix;agosto_pix_011_data_quadrante_08
13/08/2025;18:24;11.0;Pix;agosto_pix_011_data_quadrante_09
13/08/2025;18:19;5.5;Pix;agosto_pix_011_data_quadrante_10
13/08/2025;18:03;2.5;Pix;agosto_pix_011_data_quadrante_11
13/08/2025;17:47;4.0;Pix;agosto_pix_011_data_quadrante_12
13/08/2025;17:20;16.0;Pix;agosto_pix_011_data_quadrante_13
13/08/2025;17:04;17.5;Pix;agosto_pix_011_data_quadrante_14
13/08/2025;16:50;11.0;Pix;agosto_pix_011_data_quadrante_15
13/08/2025;16:42;8.08;Pix;agosto_pix_011_data_quadrante_16
13/08/2025;16:34;26.5;Pix;agosto_pix_011_data_quadrante_17
13/08/2025;16:20;7.0;Pix;agosto_pix_011_data_quadrante_18
13/08/2025;16:10;10.0;Pix;agosto_pix_011_data_quadrante_19
13/08/2025;16:01;31.0;Pix;agosto_pix_011_data_quadrante_20
13/08/2025;15:50;2.5;Pix;agosto_pix_011_data_quadrante_21
13/08/2025;15:35;15.68;Pix;agosto_pix_011_data_quadrante_22
13/08/2025;15:10;11.0;Pix;agosto_pix_011_data_quadrante_23
14/08/2025;20:35;22.0;Pix;agosto_pix_012_data_quadrante_02
14/08/2025;19:48;23.0;Pix;agosto_pix_012_data_quadrante_03
14/08/2025;19:28;20.0;Pix;agosto_pix_012_data_quadrante_04
14/08/2025;19:17;22.5;Pix;agosto_pix_012_data_quadrante_05
14/08/2025;19:08;3.0;Pix;agosto_pix_012_data_quadrante_06
14/08/2025;19:07;8.0;Pix;agosto_pix_012_data_quadrante_07
14/08/2025;19:04;19.5;Pix;agosto_pix_012_data_quadrante_08
14/08/2025;18:34;13.98;Pix;agosto_pix_012_data_quadrante_09
14/08/2025;18:30;21.0;Pix;agosto_pix_012_data_quadrante_10
14/08/2025;18:00;11.5;Pix;agosto_pix_012_data_quadrante_11
14/08/2025;17:51;4.0;Pix;agosto_pix_012_data_quadrante_12
14/08/2025;17:45;11.5;Pix;agosto_pix_012_data_quadrante_13
14/08/2025;17:45;4.0;Pix;agosto_pix_012_data_quadrante_14
14/08/2025;17:42;20.0;Pix;agosto_pix_012_data_quadrante_15
14/08/2025;17:38;9.66;Pix;agosto_pix_012_data_quadrante_16
14/08/2025;17:20;7.0;Pix;agosto_pix_012_data_quadrante_17
14/08/2025;17:11;12.0;Pix;agosto_pix_012_data_quadrante_18
14/08/2025;16:57;12.5;Pix;agosto_pix_012_data_quadrante_19
14/08/2025;16:25;13.0;Pix;agosto_pix_012_data_quadrante_20
14/08/2025;15:17;17.0;Pix;agosto_pix_012_data_quadrante_21
16/08/2025;21:03;13.5;Pix;agosto_pix_013_data_quadrante_02
16/08/2025;20:36;19.5;Pix;agosto_pix_013_data_quadrante_03
16/08/2025;20:01;20.0;Pix;agosto_pix_013_data_quadrante_04
16/08/2025;19:59;34.0;Pix;agosto_pix_013_data_quadrante_05
16/08/2025;19:46;17.0;Pix;agosto_pix_013_data_quadrante_06
16/08/2025;19:46;16.5;Pix;agosto_pix_013_data_quadrante_07
16/08/2025;19:45;16.5;Pix;agosto_pix_013_data_quadrante_08
16/08/2025;19:44;13.5;Pix;agosto_pix_013_data_quadrante_09
16/08/2025;19:25;14.0;Pix;agosto_pix_013_data_quadrante_10
16/08/2025;18:38;27.0;Pix;agosto_pix_013_data_quadrante_11
16/08/2025;18:21;13.0;Pix;agosto_pix_013_data_quadrante_12
16/08/2025;18:12;31.0;Pix;agosto_pix_013_data_quadrante_13
16/08/2025;17:13;12.0;Pix;agosto_pix_013_data_quadrante_14
18/08/2025;21:13;45.5;Pix;agosto_pix_014_data_quadrante_02
18/08/2025;19:31;9.0;Pix;agosto_pix_014_data_quadrante_03
18/08/2025;19:02;29.0;Pix;agosto_pix_014_data_quadrante_04
18/08/2025;18:58;18.5;Pix;agosto_pix_014_data_quadrante_05
18/08/2025;18:44;14.81;Pix;agosto_pix_014_data_quadrante_06
18/08/2025;18:43;8.09;Pix;agosto_pix_014_data_quadrante_07
18/08/2025;18:43;19.5;Pix;agosto_pix_014_data_quadrante_08
18/08/2025;17:28;13.71;Pix;agosto_pix_014_data_quadrante_09
18/08/2025;17:10;14.0;Pix;agosto_pix_014_data_quadrante_10
18/08/2025;16:57;11.0;Pix;agosto_pix_014_data_quadrante_11
18/08/2025;16:41;11.41;Pix;agosto_pix_014_data_quadrante_12
18/08/2025;16:26;23.27;Pix;agosto_pix_014_data_quadrante_13
18/08/2025;16:14;15.54;Pix;agosto_pix_014_data_quadrante_14
19/08/2025;20:50;3.0;Pix;agosto_pix_015_data_quadrante_02
19/08/2025;20:36;9.89;Pix;agosto_pix_015_data_quadrante_03
19/08/2025;20:31;12.14;Pix;agosto_pix_015_data_quadrante_04
19/08/2025;20:02;16.0;Pix;agosto_pix_015_data_quadrante_05
19/08/2025;19:53;5.0;Pix;agosto_pix_015_data_quadrante_06
19/08/2025;19:48;30.0;Pix;agosto_pix_015_data_quadrante_07
19/08/2025;19:35;15.54;Pix;agosto_pix_015_data_quadrante_08
19/08/2025;19:32;7.0;Pix;agosto_pix_015_data_quadrante_09
19/08/2025;19:20;37.0;Pix;agosto_pix_015_data_quadrante_10
19/08/2025;19:12;9.75;Pix;agosto_pix_015_data_quadrante_11
19/08/2025;19:06;4.5;Pix;agosto_pix_015_data_quadrante_12
19/08/2025;18:16;14.5;Pix;agosto_pix_015_data_quadrante_13
19/08/2025;18:06;4.0;Pix;agosto_pix_015_data_quadrante_14
19/08/2025;17:54;20.5;Pix;agosto_pix_015_data_quadrante_15
19/08/2025;17:48;8.0;Pix;agosto_pix_015_data_quadrante_16
19/08/2025;17:25;5.98;Pix;agosto_pix_015_data_quadrante_17
19/08/2025;17:10;12.5;Pix;agosto_pix_015_data_quadrante_18
19/08/2025;15:08;10.39;Pix;agosto_pix_015_data_quadrante_19
20/08/2025;20:29;24.5;Pix;agosto_pix_016_data_quadrante_02
20/08/2025;20:19;14.88;Pix;agosto_pix_016_data_quadrante_03
20/08/2025;20:10;15.0;Pix;agosto_pix_016_data_quadrante_04
20/08/2025;20:05;9.0;Pix;agosto_pix_016_data_quadrante_05
20/08/2025;19:52;13.36;Pix;agosto_pix_016_data_quadrante_06
20/08/2025;19:52;2.5;Pix;agosto_pix_016_data_quadrante_07
20/08/2025;19:32;8.0;Pix;agosto_pix_016_data_quadrante_08
20/08/2025;19:09;18.0;Pix;agosto_pix_016_data_quadrante_09
20/08/2025;19:08;13.0;Pix;agosto_pix_016_data_quadrante_10
20/08/2025;19:07;10.96;Pix;agosto_pix_016_data_quadrante_11
20/08/2025;19:05;22.0;Pix;agosto_pix_016_data_quadrante_12
20/08/2025;18:36;19.5;Pix;agosto_pix_016_data_quadrante_13
20/08/2025;18:30;18.0;Pix;agosto_pix_016_data_quadrante_14
20/08/2025;18:12;14.0;Pix;agosto_pix_016_data_quadrante_15
20/08/2025;18:09;16.0;Pix;agosto_pix_016_data_quadrante_16
20/08/2025;18:05;6.0;Pix;agosto_pix_016_data_quadrante_17
20/08/2025;17:50;18.5;Pix;agosto_pix_016_data_quadrante_18
20/08/2025;17:48;7.0;Pix;agosto_pix_016_data_quadrante_19
20/08/2025;17:44;24.0;Pix;agosto_pix_016_data_quadrante_20
20/08/2025;17:27;11.0;Pix;agosto_pix_016_data_quadrante_21
20/08/2025;17:18;18.0;Pix;agosto_pix_016_data_quadrante_22
20/08/2025;17:10;4.0;Pix;agosto_pix_016_data_quadrante_23
20/08/2025;16:43;2.5;Pix;agosto_pix_016_data_quadrante_24
20/08/2025;16:20;9.84;Pix;agosto_pix_016_data_quadrante_25
20/08/2025;16:17;12.0;Pix;agosto_pix_016_data_quadrante_26
20/08/2025;15:57;8.56;Pix;agosto_pix_016_data_quadrante_27
21/08/2025;20:04;3.91;Pix;agosto_pix_017_data_quadrante_02
21/08/2025;19:59;18.0;Pix;agosto_pix_017_data_quadrante_03
21/08/2025;19:56;7.54;Pix;agosto_pix_017_data_quadrante_04
21/08/2025;19:17;11.87;Pix;agosto_pix_017_data_quadrante_05
21/08/2025;18:24;16.0;Pix;agosto_pix_017_data_quadrante_06
21/08/2025;18:06;14.35;Pix;agosto_pix_017_data_quadrante_07
21/08/2025;17:58;43.0;Pix;agosto_pix_017_data_quadrante_08
21/08/2025;17:55;9.0;Pix;agosto_pix_017_data_quadrante_09
21/08/2025;17:37;22.0;Pix;agosto_pix_017_data_quadrante_10
21/08/2025;17:27;20.0;Pix;agosto_pix_017_data_quadrante_11
21/08/2025;17:24;18.4;Pix;agosto_pix_017_data_quadrante_12
21/08/2025;16:11;8.0;Pix;agosto_pix_017_data_quadrante_13
21/08/2025;15:41;38.5;Pix;agosto_pix_017_data_quadrante_14
21/08/2025;15:30;23.0;Pix;agosto_pix_017_data_quadrante_15
22/08/2025;20:47;6.99;Pix;agosto_pix_018_data_quadrante_02
22/08/2025;20:45;20.0;Pix;agosto_pix_018_data_quadrante_03
22/08/2025;19:49;8.19;Pix;agosto_pix_018_data_quadrante_04
22/08/2025;19:45;7.0;Pix;agosto_pix_018_data_quadrante_05
22/08/2025;19:42;18.67;Pix;agosto_pix_018_data_quadrante_06
22/08/2025;19:37;19.5;Pix;agosto_pix_018_data_quadrante_07
22/08/2025;19:26;27.0;Pix;agosto_pix_018_data_quadrante_08
22/08/2025;19:18;16.5;Pix;agosto_pix_018_data_quadrante_09
22/08/2025;19:13;20.0;Pix;agosto_pix_018_data_quadrante_10
22/08/2025;19:05;12.6;Pix;agosto_pix_018_data_quadrante_11
22/08/2025;18:39;31.55;Pix;agosto_pix_018_data_quadrante_12
22/08/2025;18:25;59.0;Pix;agosto_pix_018_data_quadrante_13
22/08/2025;18:08;12.0;Pix;agosto_pix_018_data_quadrante_14
22/08/2025;18:02;16.0;Pix;agosto_pix_018_data_quadrante_15
22/08/2025;17:56;19.0;Pix;agosto_pix_018_data_quadrante_16
22/08/2025;17:20;33.0;Pix;agosto_pix_018_data_quadrante_17
22/08/2025;17:04;4.0;Pix;agosto_pix_018_data_quadrante_18
22/08/2025;16:17;41.0;Pix;agosto_pix_018_data_quadrante_19
22/08/2025;16:06;9.0;Pix;agosto_pix_018_data_quadrante_20
23/08/2025;20:33;11.5;Pix;agosto_pix_019_data_quadrante_02
23/08/2025;20:30;8.74;Pix;agosto_pix_019_data_quadrante_03
23/08/2025;20:30;8.0;Pix;agosto_pix_019_data_quadrante_04
23/08/2025;20:28;16.37;Pix;agosto_pix_019_data_quadrante_05
23/08/2025;20:21;27.5;Pix;agosto_pix_019_data_quadrante_06
23/08/2025;20:19;18.5;Pix;agosto_pix_019_data_quadrante_07
23/08/2025;20:14;14.5;Pix;agosto_pix_019_data_quadrante_08
23/08/2025;20:09;34.0;Pix;agosto_pix_019_data_quadrante_09
23/08/2025;20:06;22.5;Pix;agosto_pix_019_data_quadrante_10
23/08/2025;20:00;13.0;Pix;agosto_pix_019_data_quadrante_11
23/08/2025;19:30;12.23;Pix;agosto_pix_019_data_quadrante_12
23/08/2025;18:46;6.0;Pix;agosto_pix_019_data_quadrante_13
23/08/2025;18:38;7.08;Pix;agosto_pix_019_data_quadrante_14
23/08/2025;18:34;25.5;Pix;agosto_pix_019_data_quadrante_15
23/08/2025;18:34;10.85;Pix;agosto_pix_019_data_quadrante_16
23/08/2025;18:34;13.8;Pix;agosto_pix_019_data_quadrante_17
23/08/2025;18:02;39.5;Pix;agosto_pix_019_data_quadrante_18
23/08/2025;17:52;28.0;Pix;agosto_pix_019_data_quadrante_19
23/08/2025;17:34;17.84;Pix;agosto_pix_019_data_quadrante_20
23/08/2025;17:33;8.28;Pix;agosto_pix_019_data_quadrante_21
23/08/2025;17:06;14.0;Pix;agosto_pix_019_data_quadrante_22
25/08/2025;20:39;18.0;Pix;agosto_pix_020_data_quadrante_02
25/08/2025;20:31;11.87;Pix;agosto_pix_020_data_quadrante_03
25/08/2025;19:46;7.63;Pix;agosto_pix_020_data_quadrante_04
25/08/2025;19:33;18.0;Pix;agosto_pix_020_data_quadrante_05
25/08/2025;19:29;38.0;Pix;agosto_pix_020_data_quadrante_06
25/08/2025;19:27;22.0;Pix;agosto_pix_020_data_quadrante_07
25/08/2025;19:13;16.0;Pix;agosto_pix_020_data_quadrante_08
25/08/2025;18:35;5.0;Pix;agosto_pix_020_data_quadrante_09
25/08/2025;18:33;8.0;Pix;agosto_pix_020_data_quadrante_10
25/08/2025;18:18;23.5;Pix;agosto_pix_020_data_quadrante_11
25/08/2025;18:08;9.0;Pix;agosto_pix_020_data_quadrante_12
25/08/2025;17:52;4.0;Pix;agosto_pix_020_data_quadrante_13
25/08/2025;17:25;9.5;Pix;agosto_pix_020_data_quadrante_14
25/08/2025;17:13;16.0;Pix;agosto_pix_020_data_quadrante_15
25/08/2025;17:09;14.26;Pix;agosto_pix_020_data_quadrante_16
25/08/2025;17:08;8.0;Pix;agosto_pix_020_data_quadrante_17
25/08/2025;17:07;23.0;Pix;agosto_pix_020_data_quadrante_18
25/08/2025;17:00;20.0;Pix;agosto_pix_020_data_quadrante_19
25/08/2025;16:50;12.5;Pix;agosto_pix_020_data_quadrante_20
25/08/2025;16:48;26.0;Pix;agosto_pix_020_data_quadrante_21
25/08/2025;15:51;10.0;Pix;agosto_pix_020_data_quadrante_22
25/08/2025;15:36;4.97;Pix;agosto_pix_020_data_quadrante_23
26/08/2025;19:49;22.0;Pix;agosto_pix_021_data_quadrante_02
26/08/2025;19:16;5.0;Pix;agosto_pix_021_data_quadrante_03
26/08/2025;19:10;10.0;Pix;agosto_pix_021_data_quadrante_04
26/08/2025;18:38;21.89;Pix;agosto_pix_021_data_quadrante_05
26/08/2025;18:16;8.0;Pix;agosto_pix_021_data_quadrante_06
26/08/2025;17:57;21.0;Pix;agosto_pix_021_data_quadrante_07
26/08/2025;17:13;7.0;Pix;agosto_pix_021_data_quadrante_08
26/08/2025;16:23;10.21;Pix;agosto_pix_021_data_quadrante_09
26/08/2025;16:04;8.0;Pix;agosto_pix_021_data_quadrante_10
26/08/2025;16:02;17.11;Pix;agosto_pix_021_data_quadrante_11
26/08/2025;16:01;24.0;Pix;agosto_pix_021_data_quadrante_12
26/08/2025;15:51;8.0;Pix;agosto_pix_021_data_quadrante_13
27/08/2025;21:07;8.56;Pix;agosto_pix_022_data_quadrante_02
27/08/2025;20:17;43.0;Pix;agosto_pix_022_data_quadrante_03
27/08/2025;19:39;9.5;Pix;agosto_pix_022_data_quadrante_04
27/08/2025;19:14;9.36;Pix;agosto_pix_022_data_quadrante_05
27/08/2025;19:01;7.0;Pix;agosto_pix_022_data_quadrante_06
27/08/2025;18:59;8.0;Pix;agosto_pix_022_data_quadrante_07
27/08/2025;18:56;7.0;Pix;agosto_pix_022_data_quadrante_08
27/08/2025;18:53;7.0;Pix;agosto_pix_022_data_quadrante_09
27/08/2025;18:18;41.5;Pix;agosto_pix_022_data_quadrante_10
27/08/2025;17:50;35.0;Pix;agosto_pix_022_data_quadrante_11
27/08/2025;17:23;15.0;Pix;agosto_pix_022_data_quadrante_12
27/08/2025;17:01;8.0;Pix;agosto_pix_022_data_quadrante_13
27/08/2025;16:26;8.5;Pix;agosto_pix_022_data_quadrante_14
27/08/2025;15:17;11.36;Pix;agosto_pix_022_data_quadrante_15
27/08/2025;15:16;4.0;Pix;agosto_pix_022_data_quadrante_16
28/08/2025;20:39;42.13;Pix;agosto_pix_023_data_quadrante_02
28/08/2025;19:55;24.01;Pix;agosto_pix_023_data_quadrante_03
28/08/2025;19:27;9.0;Pix;agosto_pix_023_data_quadrante_04
28/08/2025;18:25;9.38;Pix;agosto_pix_023_data_quadrante_05
28/08/2025;18:23;4.0;Pix;agosto_pix_023_data_quadrante_06
28/08/2025;18:16;8.5;Pix;agosto_pix_023_data_quadrante_07
28/08/2025;18:04;34.5;Pix;agosto_pix_023_data_quadrante_08
28/08/2025;17:38;20.0;Pix;agosto_pix_023_data_quadrante_09
28/08/2025;17:34;4.0;Pix;agosto_pix_023_data_quadrante_10
28/08/2025;17:33;1.0;Pix;agosto_pix_023_data_quadrante_11
28/08/2025;17:33;8.0;Pix;agosto_pix_023_data_quadrante_12
28/08/2025;17:31;16.5;Pix;agosto_pix_023_data_quadrante_13
28/08/2025;17:14;8.5;Pix;agosto_pix_023_data_quadrante_14
28/08/2025;16:14;12.23;Pix;agosto_pix_023_data_quadrante_15
28/08/2025;16:12;4.0;Pix;agosto_pix_023_data_quadrante_16
28/08/2025;15:35;15.0;Pix;agosto_pix_023_data_quadrante_17
29/08/2025;20:37;23.64;Pix;agosto_pix_024_data_quadrante_02
29/08/2025;20:09;7.73;Pix;agosto_pix_024_data_quadrante_03
29/08/2025;19:48;45.0;Pix;agosto_pix_024_data_quadrante_04
29/08/2025;19:47;16.83;Pix;agosto_pix_024_data_quadrante_05
29/08/2025;19:47;33.5;Pix;agosto_pix_024_data_quadrante_06
29/08/2025;18:46;5.0;Pix;agosto_pix_024_data_quadrante_07
29/08/2025;18:22;18.0;Pix;agosto_pix_024_data_quadrante_08
29/08/2025;17:26;17.0;Pix;agosto_pix_024_data_quadrante_09
29/08/2025;17:22;44.0;Pix;agosto_pix_024_data_quadrante_10
29/08/2025;17:10;22.08;Pix;agosto_pix_024_data_quadrante_11
29/08/2025;17:08;22.0;Pix;agosto_pix_024_data_quadrante_12
29/08/2025;17:02;10.0;Pix;agosto_pix_024_data_quadrante_13
29/08/2025;16:58;12.0;Pix;agosto_pix_024_data_quadrante_14
29/08/2025;16:55;8.0;Pix;agosto_pix_024_data_quadrante_15
29/08/2025;16:55;12.88;Pix;agosto_pix_024_data_quadrante_16
29/08/2025;16:46;13.52;Pix;agosto_pix_024_data_quadrante_17
29/08/2025;16:32;42.0;Pix;agosto_pix_024_data_quadrante_18
29/08/2025;16:02;17.0;Pix;agosto_pix_024_data_quadrante_19
